loan_rule_id,loan_id,creditscore_limit,creditscore_offset,amount_limit,amount_offset,interest,duration_months
1,1,100,99,10000,4999,8,65
2,1,200,99,10000,4999,7,65
3,1,300,99,10000,4999,6,65
4,1,400,99,10000,4999,5,65
5,1,500,99,10000,4999,4,65
6,1,100,99,15000,4999,8,65
7,1,200,99,15000,4999,7,65
8,1,300,99,15000,4999,6,65
9,1,400,99,15000,4999,5,65
10,1,500,99,15000,4999,4,65
11,1,100,99,20000,4999,8,65
12,1,200,99,20000,4999,7,65
13,1,300,99,20000,4999,6,65
14,1,400,99,20000,4999,5,65
15,1,500,99,20000,4999,4,65
16,1,200,99,25000,4999,7,65
17,1,300,99,25000,4999,6,65
18,1,400,99,25000,4999,5,65
19,1,500,99,25000,4999,4,65
20,1,200,99,25000,4999,7,65
21,1,300,99,25000,4999,6,65
22,1,400,99,25000,4999,5,65
23,1,500,99,30000,4999,4,65
24,2,300,99,25000,9999,5,76
25,2,400,99,25000,9999,4.5,76
26,2,500,99,25000,9999,4,76
27,2,300,99,35000,9999,5,76
28,2,400,99,35000,9999,4.5,76
29,2,500,99,35000,9999,4,76
30,2,300,99,45000,9999,5,76
31,2,400,99,45000,9999,4.5,76
32,2,500,99,45000,9999,4,76
33,2,300,99,55000,9999,5,76
34,2,400,99,55000,9999,4.5,76
35,2,500,99,55000,9999,4,76
36,2,300,99,65000,9999,5,76
37,2,400,99,65000,9999,4.5,76
38,2,500,99,65000,9999,4,76
39,3,300,99,100000,99999,5,240
40,3,400,99,200000,99999,4.5,240
41,3,500,99,300000,99999,4,240
42,3,300,99,100000,99999,5,240
43,3,400,99,200000,99999,4.5,240
44,3,500,99,300000,99999,4,240
45,3,300,99,100000,99999,5,240
46,3,400,99,200000,99999,4.5,240
47,3,500,99,300000,99999,4,240
48,3,300,99,100000,99999,5,240
49,3,400,99,200000,99999,4.5,240
50,3,500,99,300000,99999,4,240
51,3,300,99,100000,99999,5,240
52,3,400,99,200000,99999,4.5,240
53,3,500,99,300000,99999,4,240
